<?xml version="1.0"?>
<launch>
  <arg name="launch_dummy_perception"/>
  <arg name="launch_dummy_vehicle"/>
  <arg name="launch_dummy_localization"/>
  <arg name="launch_diagnostic_converter"/>
  <arg name="perception/enable_detection_failure"/>
  <arg name="perception/enable_object_recognition"/>
  <arg name="perception/use_base_link_z"/>
  <arg name="sensing/visible_range"/>
  <arg name="vehicle_model"/>
  <arg name="initial_engage_state"/>
  <arg name="vehicle_info_param_file"/>
  <arg name="occupancy_grid_map_updater" default="binary_bayes_filter" description="options: binary_bayes_filter"/>

  <include file="$(find-pkg-share tier4_simulator_launch)/launch/simulator.launch.xml">
    <arg name="launch_dummy_perception" value="$(var launch_dummy_perception)"/>
    <arg name="launch_dummy_vehicle" value="$(var launch_dummy_vehicle)"/>
    <arg name="launch_dummy_localization" value="$(var launch_dummy_localization)"/>
    <arg name="launch_diagnostic_converter" value="$(var launch_diagnostic_converter)"/>
    <arg name="perception/enable_detection_failure" value="$(var perception/enable_detection_failure)"/>
    <arg name="perception/enable_object_recognition" value="$(var perception/enable_object_recognition)"/>
    <arg name="perception/use_base_link_z" value="$(var perception/use_base_link_z)"/>
    <arg name="sensing/visible_range" value="$(var sensing/visible_range)"/>
    <arg name="vehicle_model" value="$(var vehicle_model)"/>
    <arg name="initial_engage_state" value="$(var initial_engage_state)"/>
    <arg name="vehicle_info_param_file" value="$(var vehicle_info_param_file)"/>

    <arg name="fault_injection_param_path" value="$(find-pkg-share autoware_launch)/config/simulator/fault_injection.param.yaml"/>
    <arg
      name="object_recognition_prediction_map_based_prediction_param_path"
      value="$(find-pkg-share autoware_launch)/config/perception/object_recognition/prediction/map_based_prediction.param.yaml"
    />
    <arg
      name="obstacle_segmentation_ground_segmentation_elevation_map_param_path"
      value="$(find-pkg-share autoware_launch)/config/perception/obstacle_segmentation/ground_segmentation/elevation_map_parameters.yaml"
    />
    <arg
      name="object_recognition_tracking_multi_object_tracker_data_association_matrix_param_path"
      value="$(find-pkg-share autoware_launch)/config/perception/object_recognition/tracking/multi_object_tracker/data_association_matrix.param.yaml"
    />
    <arg
      name="object_recognition_tracking_multi_object_tracker_node_param_path"
      value="$(find-pkg-share autoware_launch)/config/perception/object_recognition/tracking/multi_object_tracker/multi_object_tracker_node.param.yaml"
    />
    <arg name="pose_initializer_param_path" value="$(find-pkg-share autoware_launch)/config/localization/pose_initializer.param.yaml"/>
    <arg name="laserscan_based_occupancy_grid_map_param_path" value="$(find-pkg-share autoware_launch)/config/perception/occupancy_grid_map/laserscan_based_occupancy_grid_map.param.yaml"/>
    <arg name="occupancy_grid_map_updater" value="$(var occupancy_grid_map_updater)"/>
    <arg name="occupancy_grid_map_updater_param_path" value="$(find-pkg-share autoware_launch)/config/perception/occupancy_grid_map/$(var occupancy_grid_map_updater)_updater.param.yaml"/>
    <arg name="traffic_light_arbiter_param_path" value="$(find-pkg-share autoware_launch)/config/perception/traffic_light_arbiter/traffic_light_arbiter.param.yaml"/>

    <arg
      name="object_recognition_tracking_radar_object_tracker_data_association_matrix_param_path"
      value="$(find-pkg-share autoware_launch)/config/perception/object_recognition/tracking/radar_object_tracker/data_association_matrix.param.yaml"
    />
    <arg
      name="object_recognition_tracking_radar_object_tracker_tracking_setting_param_path"
      value="$(find-pkg-share autoware_launch)/config/perception/object_recognition/tracking/radar_object_tracker/default_tracker.param.yaml"
    />
    <arg
      name="object_recognition_tracking_radar_object_tracker_node_param_path"
      value="$(find-pkg-share autoware_launch)/config/perception/object_recognition/tracking/radar_object_tracker/radar_object_tracker.param.yaml"
    />
    <arg
      name="object_recognition_tracking_object_merger_data_association_matrix_param_path"
      value="$(find-pkg-share autoware_launch)/config/perception/object_recognition/tracking/tracking_object_merger/data_association_matrix.param.yaml"
    />
    <arg
      name="object_recognition_tracking_object_merger_node_param_path"
      value="$(find-pkg-share autoware_launch)/config/perception/object_recognition/tracking/tracking_object_merger/decorative_tracker_merger.param.yaml"
    />
  </include>
</launch>
