<launch>
  <arg name="config_file" default="$(find-pkg-share pose_initializer)/config/pose_initializer.param.yaml"/>
  <arg name="ndt_enabled"/>
  <arg name="gnss_enabled"/>
  <arg name="ekf_enabled"/>
  <arg name="yabloc_enabled"/>
  <arg name="stop_check_enabled"/>

  <arg name="sub_gnss_pose_cov" default="sub_gnss_pose_cov"/>

  <node pkg="pose_initializer" exec="pose_initializer_node" name="pose_initializer_node">
    <param from="$(var config_file)"/>
    <param name="ndt_enabled" value="$(var ndt_enabled)"/>
    <param name="gnss_enabled" value="$(var gnss_enabled)"/>
    <param name="ekf_enabled" value="$(var ekf_enabled)"/>
    <param name="yabloc_enabled" value="$(var yabloc_enabled)"/>
    <param name="stop_check_enabled" value="$(var stop_check_enabled)"/>

    <remap from="yabloc_align" to="/localization/pose_estimator/yabloc/initializer/yabloc_align_srv"/>
    <remap from="ndt_align" to="/localization/pose_estimator/ndt_align_srv"/>
    <remap from="stop_check_twist" to="/sensing/vehicle_velocity_converter/twist_with_covariance"/>
    <remap from="gnss_pose_cov" to="$(var sub_gnss_pose_cov)"/>
    <remap from="pose_reset" to="/initialpose3d"/>
    <remap from="ekf_trigger_node" to="/localization/pose_twist_fusion_filter/trigger_node"/>
    <remap from="ndt_trigger_node" to="/localization/pose_estimator/trigger_node"/>
    <param name="map_loader_name" value="/map/pointcloud_map_loader"/>
    <remap from="~/pointcloud_map" to="/map/pointcloud_map"/>
    <remap from="~/partial_map_load" to="/map/get_partial_pointcloud_map"/>
  </node>
</launch>
